{
  "printer": [
    {"type": "screen", "title": "Полосы на печати", "steps": ["Очистить ролики", "Проверить картридж"]}
  ],
  "smartphone": [
    {"type": "battery", "title": "Быстро разряжается", "steps": ["Проверить циклы", "Сменить батарею"]}
  ],
  "laptop": [
    {"type": "motherboard", "title": "Не включается", "steps": ["Проверить адаптер", "Диагностика платы"]}
  ],
  "microwave": [
    {"type": "button", "title": "Кнопки не реагируют", "steps": ["Проверить плату управления", "Очистить контакты"]}
  ],
  "breadmaker": [
    {"type": "motor", "title": "Лопатка не вращается", "steps": ["Проверить ремень", "Почистить механизм"]}
  ],
  "multicooker": [
    {"type": "sensor", "title": "Не греет", "steps": ["Проверить предохранитель", "Очистить датчик температуры"]}
  ]
}